Country,Athletes
USA,18523
Germany,15630
France,12377
UK,12002
Russia,11692
Italy,10565
Canada,9677
Japan,8424
Sweden,8196
Australia,7713
Hungary,6453
Czech Republic,6376
Poland,6158
Switzerland,6040
China,5826
Netherlands,5732
Finland,5449
Spain,5313
Austria,4978
Norway,4899
South Korea,4464
Romania,4404
Brazil,3848
Belgium,3750
Bulgaria,3529
Denmark,3463
Argentina,3296
Serbia,3292
Mexico,2865
Greece,2696
Ukraine,2559
Cuba,2479
New Zealand,2342
Belarus,1787
South Africa,1699
Egypt,1615
Portugal,1522
Kazakhstan,1429
India,1408
Turkey,1353
Ireland,1323
Slovenia,1111
Taiwan,1097
Colombia,1069
Slovakia,1055
Luxembourg,972
Latvia,937
Puerto Rico,927
Venezuela,925
Chile,925
Nigeria,882
Estonia,876
Croatia,876
Jamaica,848
North Korea,807
Iran,789
Kenya,772
Thailand,747
Philippines,694
Morocco,682
Israel,665
Lithuania,654
Iceland,627
Malaysia,577
Uruguay,572
Pakistan,562
Tunisia,561
Algeria,551
Mongolia,550
Peru,531
Uzbekistan,495
Guatemala,425
Indonesia,412
Trinidad,395
Senegal,393
Ethiopia,378
Bahamas,374
Liechtenstein,369
Ghana,359
Singapore,349
Lebanon,329
Zimbabwe,323
Cameroon,312
"Virgin Islands, US",294
Georgia,286
Kuwait,284
Azerbaijan,283
Syria,279
Dominican Republic,277
Ecuador,277
Angola,267
Costa Rica,264
Uganda,260
Moldova,234
Iraq,232
Fiji,232
Saudi Arabia,230
Kyrgyzstan,227
Cyprus,225
Armenia,221
Barbados,219
Vietnam,216
El Salvador,215
Bermuda,212
Monaco,197
Ivory Coast,193
Qatar,192
Honduras,189
Zambia,183
San Marino,181
Andorra,169
Tanzania,161
Boliva,152
Sri Lanka,146
Mauritius,144
United Arab Emirates,144
Panama,139
Paraguay,135
Bosnia and Herzegovina,134
Antigua,133
Nicaragua,129
Afghanistan,126
Bahrain,126
Madagascar,119
Malta,118
Sierra Leone,114
Guam,112
Seychelles,111
Myanmar,111
Papua New Guinea,108
Sudan,107
Haiti,106
Republic of Congo,105
Guyana,102
Individual Olympic Athletes,94
Nepal,94
Montenegro,94
Democratic Republic of the Congo,93
Mali,92
Botswana,90
Malawi,87
Macedonia,84
Libya,84
Cayman Islands,83
Jordan,80
Curacao,79
Mozambique,78
Namibia,77
Belize,76
Liberia,74
Guinea,73
Benin,71
Tajikistan,70
Albania,70
Suriname,69
Central African Republic,67
Swaziland,67
Oman,66
Lesotho,66
Cambodia,63
Samoa,63
Gabon,63
Togo,59
Gambia,56
Rwanda,56
Bangladesh,55
Turkmenistan,54
Laos,54
Grenada,54
Maldives,49
Yemen,48
Niger,47
Tonga,46
"Virgin Islands, British",45
Burkina Faso,44
Eritrea,43
Saint Vincent,42
Aruba,42
Saint Kitts,42
Chad,41
Equatorial Guinea,40
Cook Islands,40
Burundi,39
Djibouti,38
American Samoa,37
Bhutan,36
Vanuatu,35
Somalia,32
Mauritania,29
Saint Lucia,28
Solomon Islands,27
Micronesia,26
Palau,25
Palestine,21
Guinea-Bissau,21
Comoros,19
Dominica,19
Cape Verde,18
Sao Tome and Principe,15
Marshall Islands,14
Nauru,13
Refugee Olympic Team,12
Kiribati,11
Brunei,10
Timor-Leste,9
Kosovo,8
Tuvalu,7
South Sudan,3
Unknown,2
